ID,y
1,78.1788392268
2,93.5085071551
3,78.5889425361
4,77.8650459196
5,111.786292436
8,92.3937786406
10,111.292725598
11,93.758383107
12,116.190343453
14,93.8107377659
15,115.235387337
16,104.777234985
17,96.10450495
19,94.1724076077
20,103.423549664
21,107.788893517
22,116.013102881
23,96.7753396152
26,95.8757850335
28,94.8121987513
29,96.7753396152
33,96.7753396152
35,95.5494580613
41,96.0790821886
42,93.6819610694
43,116.42832147
45,103.083894746
46,103.741812233
51,94.8077578988
53,77.8049243213
55,112.200653153
56,93.4124073706
57,104.276887686
58,94.8111877125
59,104.347971018
63,112.606139321
64,94.5668471331
65,105.690370668
69,93.3637298112
71,94.9883635949
72,104.07751439
73,93.9160112902
76,104.489003408
77,104.060820278
78,114.832744475
82,94.8654982999
83,105.690370668
84,94.6810956832
85,103.66814103
87,111.78069146
88,96.0790821886
89,112.934881749
91,94.1001406966
93,93.6043241112
94,103.669330556
95,93.657969706
96,111.397902873
97,94.0777732035
98,111.451777294
99,93.207496178
101,103.726921772
103,112.934881749
104,93.9902747288
105,111.773580484
110,94.2172314738
111,111.632421269
113,112.311814369
114,92.9192502432
115,113.368697285
117,112.934881749
120,92.6298150866
121,111.758517008
122,92.9337187492
123,112.321587203
126,112.777820551
132,112.951990303
135,103.534959666
137,103.830385891
138,94.5728125136
140,93.4356431681
142,111.10829293
144,113.20944447
148,92.4516332357
149,112.582732537
155,93.876189624
156,111.655767638
157,94.0777732035
162,112.485616539
163,94.1300598071
167,93.8050892584
172,116.42832147
179,111.943529209
180,93.2481118965
181,110.792142914
182,94.4115743028
183,112.934881749
185,112.934881749
187,111.838520735
188,94.0965299488
189,94.2920224783
191,93.4329553655
192,111.898880201
193,94.5381629448
194,111.92215255
195,93.9830668534
196,112.353945337
198,94.2303120533
199,111.957120934
201,103.344552072
204,94.1223600783
205,105.078077044
206,93.745543499
210,93.7896922905
211,103.726921772
216,112.474430684
219,116.135238169
220,93.4438075379
221,111.546127628
226,110.792142914
227,93.5792068003
228,111.468826901
230,111.248526686
231,94.0777732035
235,116.150118019
236,93.160041018
238,111.950773529
242,103.578351167
243,93.9953213781
244,78.5968511679
245,111.162211163
247,112.251806312
248,92.5015799199
249,93.3951328963
250,112.083576504
251,93.160041018
253,116.150118019
254,93.1198930611
256,94.1229318999
257,92.6919322925
258,112.488631691
259,93.3874766879
262,78.9178256397
266,93.1083742993
267,112.101330956
272,102.664328064
273,112.934881749
275,95.1668165848
276,112.793213285
279,94.4878977634
280,105.690370668
283,93.5133615622
285,111.538671586
288,112.934881749
289,94.0152860557
290,103.556445579
291,93.9958732281
292,111.694654466
293,111.688601644
296,92.7196828735
297,111.625363386
298,114.892192258
299,93.994162262
304,92.5324260384
305,78.4237269975
306,93.5607088833
307,110.666277613
311,111.089066189
313,111.01214249
314,93.2609976524
316,94.2971999144
324,93.8785024939
327,93.702622011
329,93.3368849189
330,112.969752121
337,104.701252364
338,94.1407411048
339,104.629508453
340,94.208307633
343,93.3944107463
345,115.036169495
346,93.0669314104
347,111.836306234
349,111.775603796
350,93.5757314075
352,112.110003096
353,93.0320318914
354,78.4197492875
357,93.1199000706
358,112.315689005
362,111.43181126
364,116.447006833
365,103.446583658
366,94.2090097368
367,111.847378327
368,94.5840495143
370,77.9277285112
373,94.5059459716
377,93.4926105854
378,111.521162298
382,104.205729085
384,111.305556672
390,93.8559909461
392,112.006735122
393,111.523082412
395,94.9485465145
396,104.552547989
399,78.3120742724
406,111.01214249
408,111.01214249
409,93.0902078972
410,77.7808001374
412,112.155626776
413,92.3073494507
419,93.614146555
420,112.478855905
421,91.7888276423
430,103.005749762
434,93.53495738
436,94.8660845541
437,92.8819912151
438,92.340387348
439,112.112968285
440,93.1370773926
443,112.505768862
446,94.4391555441
448,93.2476265106
452,94.1705724934
453,104.092388677
457,102.99315484
458,93.5825949801
459,112.694072972
460,103.026767191
462,104.65125992
464,103.85751695
465,115.696894925
467,116.223458453
471,111.201988355
472,77.2259398315
473,93.3716473591
475,94.6999508635
480,94.8869542029
488,111.265210043
490,110.666277613
491,103.425967407
492,78.4694218916
493,93.592777742
497,93.167818789
498,113.396664901
499,94.2774730372
500,103.020396108
501,94.1579248921
502,111.846005608
506,77.6507413662
510,111.259292575
511,93.8386073996
512,93.5441784859
516,93.2091818213
518,92.8541410618
519,111.601035486
521,92.6319565079
522,111.820362164
526,112.362515069
529,94.1038260734
532,111.808478275
533,93.3844011954
536,112.237858104
537,101.262001962
539,93.9494213155
540,104.239294869
541,94.7220777436
543,94.0024259471
546,111.937600412
547,93.4553425491
548,78.0360811517
551,93.1513946929
552,103.462018071
556,103.490757218
557,94.2708762824
558,111.847378327
559,94.2951314444
560,105.906931905
562,105.385196091
566,93.0753803337
570,113.396664901
571,92.8819912151
572,104.511407819
573,94.081953338
575,115.696894925
576,111.524361432
577,93.7475796766
579,92.4107437881
580,111.785355327
581,113.08707641
589,110.666277613
591,103.762859685
593,93.8257800799
594,103.53118607
595,93.8266939217
598,93.234992077
602,111.697089081
604,111.854233678
606,111.201276552
608,94.0896467261
609,104.109144129
610,94.1554109705
616,111.234407118
617,93.5019911621
618,102.837297925
620,104.999187791
622,113.701830974
623,92.6122680089
624,115.583236811
626,111.674280704
628,112.316404915
629,94.053317986
630,111.085188476
637,94.0514502735
638,103.522162754
643,96.17547866
645,94.8869542029
646,118.767256156
648,95.1054170364
652,93.1847999029
653,92.9625900919
654,113.396664901
656,111.662491856
657,94.1758377094
659,94.3050629312
660,105.046545562
663,92.7119605044
664,112.271026193
666,104.548432715
668,111.584454694
669,93.1621808985
671,94.0624375689
675,92.9027805725
677,93.3275952717
678,111.216060651
679,104.109833959
682,94.624264541
685,103.283940834
687,93.9951021576
688,93.6123917852
693,111.418441321
696,93.8377108598
698,94.0486405779
701,94.7783257465
704,103.688203313
705,115.814707907
709,111.718190857
710,93.4873176463
711,104.591069515
712,94.2951339515
714,111.758686201
715,93.0375029853
716,110.646245367
717,93.0732606731
720,115.080111053
721,93.4700415974
724,102.802688224
725,93.5745564795
726,112.22604352
728,111.922777534
731,93.3627639954
734,103.770117076
738,93.2879132263
745,112.225716362
746,93.168383105
751,77.7364329268
754,93.6804431844
756,93.1556538472
758,93.3686826924
759,111.732649936
761,115.694557886
766,94.0603654291
767,111.485670932
768,92.6899326333
769,113.574162536
770,94.6249657963
771,78.5273058586
772,104.502569315
773,93.4203105276
774,111.759086159
776,111.241838931
777,93.2900658927
780,116.141063908
782,104.161939657
787,103.282055436
788,94.4658075985
792,92.5750613667
793,111.941104537
798,95.1903475414
800,92.9509960044
806,110.646245367
809,111.466000657
811,112.69578705
812,92.7070284263
814,115.528281256
816,103.970359264
817,94.2777335829
818,109.90898644
820,111.624078832
823,93.6885964288
829,92.7782198458
830,112.913909924
831,92.0577797831
834,111.623617958
839,93.9573645106
841,78.1989143984
844,104.232873784
845,94.0627689388
848,92.4723672666
850,94.1060223295
851,103.248319094
852,93.747166587
854,93.4591316764
855,93.8585804953
856,103.2132065
859,102.631899022
861,111.759086159
864,93.3139898298
865,112.249331721
866,93.3229334016
867,93.7050160299
869,95.2794599693
871,95.1970642902
872,110.646245367
882,102.832070656
883,93.7579222884
885,94.1535748695
888,94.3065068657
893,110.936511415
901,111.092220975
903,103.722933709
904,93.568725452
905,103.117094247
910,93.9868450007
911,111.043905539
914,112.217805402
918,111.854075534
921,92.3014971965
928,94.2098435447
929,103.404541036
932,93.6369950618
933,103.92195805
934,93.9868450007
935,111.363694169
937,78.0433480637
939,94.1454732379
940,103.055820385
941,94.7363514743
942,103.635321203
943,93.5629771923
944,102.915771829
947,110.646245367
949,111.37104387
951,111.243383445
952,94.6005027388
953,103.722933709
954,77.7438074902
957,111.265552952
959,93.2494133348
960,115.785239384
963,115.528281256
965,110.646245367
967,103.943955883
971,93.7744905648
972,78.1202325289
973,93.8837001638
974,111.611739303
975,93.4122235437
978,118.37917522
980,111.647222125
981,93.8182194796
984,112.180673062
986,93.9868450007
988,92.6899326333
989,111.137708299
990,104.965271643
992,111.092220975
996,93.5104999768
999,112.011444774
1000,93.6015591992
1001,112.249331721
1002,93.2008903436
1003,111.241838931
1004,92.5723135995
1008,111.334321626
1009,93.0424092447
1010,103.663059778
1012,119.461409043
1013,93.4090415586
1014,111.483240815
1015,93.4031896516
1016,115.622328237
1019,92.5432874678
1020,111.684151073
1021,93.9868450007
1022,103.870910775
1024,93.9868450007
1025,78.1735084252
1027,94.4246113563
1028,104.192734348
1029,93.403507732
1030,93.9026809936
1033,112.235999122
1036,94.3456391495
1037,111.962233455
1038,93.2057477866
1042,94.1454732379
1043,103.871834942
1044,93.7225107524
1045,111.739402099
1047,113.180472147
1050,94.6472437684
1051,110.841767509
1054,93.6820788836
1056,93.8182194796
1057,94.1642130498
1059,94.2249030593
1062,102.05360781
1063,103.978189505
1064,93.8182194796
1066,93.1641850768
1070,103.62163064
1076,112.294232665
1077,101.771515494
1078,111.584906066
1080,112.029736619
1082,111.055439637
1083,93.6307260586
1089,114.099764753
1091,94.3708081888
1093,94.2232029618
1097,93.5181150504
1099,93.8666024458
1101,93.5411951003
1103,93.4808201041
1104,112.425934521
1106,111.237750274
1109,93.064813068
1110,113.748405024
1111,94.7558550467
1112,112.489783862
1114,95.7313481468
1116,94.8583857378
1117,112.659273177
1120,93.3208124063
1124,112.382419175
1125,92.8270720652
1126,111.707992493
1134,111.819025048
1137,92.9387814701
1138,113.050484786
1144,111.201575241
1145,93.991782548
1146,93.4919429583
1148,96.9666816054
1150,93.3996090904
1152,103.078543735
1153,93.7508063915
1154,103.639747275
1155,95.637907491
1157,94.3811338641
1162,97.4813486265
1165,111.815262013
1166,94.0319427378
1167,103.95636364
1168,94.5626090361
1169,102.737868737
1171,115.899420899
1172,94.4790134193
1173,102.737868737
1174,93.9079146804
1176,94.8262922772
1177,104.142626501
1178,93.5200410966
1182,111.593048724
1186,93.8340232002
1187,112.507154532
1188,93.1945511877
1189,116.369527133
1191,105.662141551
1192,97.3148183593
1197,113.831123119
1198,93.4322909086
1200,78.6190853938
1201,93.6468734967
1203,95.9270673299
1209,116.076564148
1214,103.246956342
1218,111.923636396
1222,94.0638479146
1226,96.4722452376
1228,93.8256791929
1230,93.5246472397
1232,78.5706495062
1233,100.960934532
1236,113.3557292
1238,93.3909125548
1241,111.201575241
1244,103.693411628
1246,93.8452778193
1247,111.617431856
1250,112.12054999
1251,93.7282699884
1254,112.200803206
1255,93.5768156928
1256,111.326913934
1257,93.3615468016
1258,93.2936606905
1259,110.765854475
1260,94.6618328563
1263,110.899493543
1267,78.4112942475
1268,111.5837903
1271,96.1287326857
1272,110.989764835
1274,104.596699704
1275,97.4813486265
1276,111.250790389
1277,92.3614780504
1279,93.4919429583
1281,94.113690778
1282,93.1945511877
1283,112.765575297
1285,112.080485619
1286,93.7081753567
1289,111.511790311
1296,111.910603723
1299,93.4401535003
1301,93.6115467005
1306,92.9201136094
1307,93.9306062698
1308,93.0838636309
1313,111.250790389
1314,94.6369474374
1315,113.748405024
1316,93.6435911036
1317,111.105168515
1319,92.8767193533
1323,93.9611429928
1324,103.201455669
1325,93.6393913658
1328,102.721359837
1329,93.4584646374
1330,111.573932168
1331,92.8793775178
1332,103.816429356
1337,95.954151922
1338,110.999872191
1339,92.6339058191
1340,111.626700512
1343,113.229014327
1347,103.520104072
1348,94.4979705998
1349,104.708109466
1352,93.5396467906
1354,94.4967112015
1359,112.200168537
1360,94.9487952953
1363,111.617339138
1364,94.0740478414
1365,103.865085893
1366,93.9117274981
1372,93.9669641659
1375,104.633915144
1376,93.7774618241
1378,93.6992700196
1379,112.644232479
1380,94.8468811077
1381,103.16279526
1384,114.244793471
1387,94.3908394511
1388,112.090535829
1392,78.1067606022
1394,104.061364242
1395,94.2108150057
1396,111.839920539
1398,93.3218105922
1399,111.839920539
1400,93.7849479465
1401,95.3081582723
1403,94.3336813871
1404,112.671109623
1406,111.839920539
1407,94.6463277271
1408,111.521763156
1410,78.8368495066
1412,111.489299864
1413,93.5520464521
1415,94.6373539197
1420,111.521763156
1422,111.316741142
1423,106.857462349
1424,111.521763156
1425,94.3749515576
1426,78.8368495066
1427,94.1409897539
1429,92.9854624214
1430,111.616691665
1431,94.4646443996
1432,104.029088003
1434,112.717833301
1437,94.2976054344
1438,104.58408969
1440,112.737312795
1441,112.165948011
1442,93.3495382918
1444,111.991354046
1445,94.7753257554
1446,103.518081134
1448,93.4289740263
1453,93.3214047131
1454,111.489299864
1455,96.260844745
1456,113.025351122
1458,111.489299864
1459,93.436636003
1461,93.4860202774
1465,94.3908394511
1466,111.725547982
1469,94.4905257315
1472,93.3214047131
1474,95.4258147437
1477,111.872394836
1479,111.980343539
1482,93.7768713446
1483,78.6783647973
1487,94.0757812999
1488,112.268806761
1490,112.216604782
1492,111.471132372
1494,116.783233092
1496,104.432009851
1497,94.1571833961
1499,95.3914772427
1502,93.8675882576
1507,112.305227755
1508,93.5396467906
1509,111.814393574
1511,92.7749387494
1512,111.675049467
1513,114.826364692
1514,103.850969987
1518,112.626522857
1519,92.4246695299
1522,112.383964463
1524,78.5864803188
1527,93.3495382918
1529,93.8485591129
1532,104.287698283
1536,112.252264616
1537,117.354488352
1539,104.811385251
1542,112.423850898
1543,93.7774618241
1544,103.828253211
1545,78.7383702068
1550,94.2898606648
1551,112.40484577
1554,104.727030181
1556,105.327859698
1559,93.8022102664
1560,78.1670133697
1562,94.3246619031
1566,92.6308462421
1567,112.593429063
1569,104.399026467
1570,112.348502735
1571,112.79140011
1574,93.5396467906
1578,104.028850401
1580,92.9570845335
1583,111.834392066
1584,93.5396467906
1585,111.991265238
1586,94.3504139334
1587,112.234055803
1588,92.5637684856
1590,114.844231017
1592,103.683593645
1596,111.93702474
1598,111.444809533
1599,93.9823362731
1604,115.458210568
1606,103.162862671
1607,93.5520464521
1608,103.134289168
1609,116.23959539
1611,93.7595137818
1613,95.0259436597
1616,94.4671392876
1619,111.682498747
1620,92.8766807478
1621,112.009769904
1622,93.6145393632
1625,111.233467248
1627,116.23959539
1629,112.40399317
1634,94.2772700083
1636,94.9865564665
1638,105.146252587
1639,93.7446533663
1641,94.4190221534
1643,95.2917322389
1644,103.377427657
1645,116.517380611
1646,93.5218965827
1647,104.830880834
1648,96.1418900009
1652,92.9570845335
1653,112.143555986
1656,94.3202103579
1658,93.9823362731
1659,111.936022568
1661,94.0896664574
1663,93.5520464521
1664,112.344208582
1665,94.5910843655
1666,105.327859698
1667,104.392624176
1668,78.7051737086
1669,103.133363741
1670,94.4261147091
1672,112.025011442
1674,111.446974819
1677,112.268806761
1678,93.8811219839
1679,112.041223454
1680,93.7560647797
1683,105.34979566
1686,103.572558695
1687,111.61723846
1689,112.551901884
1690,92.8672661264
1691,116.242821134
1692,112.281900034
1693,93.5396467906
1695,94.3044654828
1696,93.3214047131
1697,112.024108881
1700,105.327859698
1701,93.5395033534
1702,111.822663774
1703,92.9812374083
1704,111.73381467
1706,94.170906672
1707,114.411761819
1708,95.1954499159
1710,94.5100455451
1711,103.523931488
1713,103.579841505
1717,103.88357163
1719,104.028850401
1720,94.633922987
1722,93.8886767095
1725,104.555349242
1726,95.6278316791
1727,104.516476769
1729,112.215322419
1730,92.9810827405
1731,111.558943568
1733,105.327859698
1734,94.1716893531
1735,111.316741142
1738,95.0259436597
1742,93.6854585181
1745,111.446974819
1747,93.6235922781
1749,93.8894039849
1751,93.940381169
1752,80.1650374088
1753,105.702437649
1754,94.5365247406
1755,94.4333093319
1756,104.143716378
1758,112.740537827
1759,94.0709625625
1760,104.84427757
1761,113.429847053
1762,93.2618560798
1763,111.181556514
1764,92.4299080328
1766,94.9721570644
1768,94.1197919677
1769,80.4814165647
1771,111.8319088
1772,93.6431528464
1773,105.000960599
1774,94.7984578973
1775,111.578819108
1777,113.160858048
1779,94.0709625625
1780,107.63238517
1787,93.7530501172
1788,93.329337358
1790,95.1892468957
1796,111.891258414
1801,92.980805485
1803,96.9646095341
1807,112.464769072
1809,114.297322763
1812,93.6130688901
1813,112.459182682
1814,93.984000672
1815,114.483637653
1816,96.0315375558
1818,93.3818413591
1820,93.6948705753
1821,112.851093771
1822,94.2417434872
1825,93.6637246773
1826,103.668102975
1828,94.1110498939
1831,103.594945468
1836,113.903474092
1837,93.668924033
1841,95.3119988348
1844,102.86898257
1848,93.1025248553
1851,105.151095255
1852,94.4607507433
1853,92.9174324522
1854,111.734394394
1856,94.3961345653
1859,114.347951131
1860,94.404180134
1861,80.7415992545
1863,104.836990206
1865,95.0108128493
1866,104.745018007
1867,94.1791251425
1868,93.4368377923
1872,94.5630482438
1879,93.7922480869
1880,104.300736132
1882,94.0429097673
1885,103.33471853
1887,104.235297633
1888,94.2509399157
1890,114.143074439
1894,94.6458199944
1895,104.313331409
1896,95.4311447354
1897,114.332529883
1900,112.030264208
1901,93.6327260209
1902,113.528572463
1905,93.3362939116
1906,111.946889511
1912,103.703548838
1915,94.3461411714
1916,103.613442732
1917,94.2359297467
1918,104.152228391
1920,80.6891844789
1923,94.281438037
1924,104.140271833
1925,94.6036052116
1930,115.948899287
1932,114.185251625
1933,93.3157116055
1934,112.436740935
1935,94.0619922836
1940,80.5954648104
1941,93.3322579408
1942,111.944459654
1943,94.823779732
1944,93.4602382688
1945,112.565732832
1948,116.082489546
1949,94.750808951
1952,94.6075448982
1954,94.6730795335
1955,113.967377512
1958,93.494276488
1959,80.0298533442
1960,111.181556514
1963,93.9402647007
1965,93.8016637203
1968,103.94945893
1969,94.0431980469
1971,94.1885796577
1972,113.724327078
1973,92.9640300153
1975,92.5815739096
1977,93.4031845347
1978,95.3271813895
1979,111.559165414
1981,92.8985063701
1982,112.455032801
1987,112.549807006
1988,92.7084514538
1993,93.8116583712
1997,93.512039587
1999,93.7462842728
2001,94.528503635
2002,112.603942853
2003,93.313722286
2004,81.2312428698
2006,111.351972042
2007,93.8715578303
2009,105.670408597
2010,93.7578970114
2013,95.080394086
2018,79.6819724554
2022,104.258534628
2024,112.309619389
2025,94.3743612328
2026,104.456764605
2030,105.337128961
2031,93.7998833702
2032,103.703548838
2033,94.0101173721
2035,93.2699535459
2036,112.224506179
2037,93.8040427117
2040,94.4150764368
2043,114.358787337
2044,105.60798225
2046,103.735881157
2054,111.930837003
2055,94.1808026912
2056,107.63238517
2059,93.219588904
2060,93.6327260209
2062,94.437438725
2063,112.653572283
2066,94.6458199944
2067,114.337024708
2072,96.0263386325
2073,113.331125727
2074,94.8339379313
2075,115.649939624
2076,93.0471223643
2080,93.831452276
2082,93.6327260209
2085,112.419502204
2087,112.226084129
2091,112.95218886
2092,93.9247179505
2093,107.63238517
2098,94.0798419569
2101,111.181556514
2102,93.8688818149
2103,80.5954648104
2105,105.344784284
2106,93.9906152188
2107,115.580970754
2110,93.9828751756
2114,94.7535637023
2115,111.901970589
2117,78.7445927334
2118,95.3283928878
2119,103.942436984
2120,94.1764679886
2122,94.216519731
2123,112.897919769
2126,94.3307431304
2127,104.005727248
2128,93.5658090663
2129,113.492383882
2132,95.3858900746
2135,104.309759713
2138,93.5269923957
2139,115.948899287
2141,112.39184726
2142,93.8770877061
2146,94.7296115824
2151,112.22987974
2157,103.528198516
2159,112.045036726
2162,93.9149960489
2164,116.250782511
2167,93.8204693583
2168,111.848687206
2171,92.9293780858
2173,94.3467893667
2174,103.404149742
2175,94.0944178967
2178,93.8552274193
2180,94.3706704543
2185,112.501612953
2189,92.6511343056
2190,112.234092168
2192,102.801951194
2194,112.594901929
2200,114.445433122
2201,93.7677545464
2203,112.227576103
2204,92.7369846269
2205,111.664979499
2209,111.727214432
2213,103.021239599
2214,93.487469798
2215,112.175767314
2216,93.8235891035
2218,93.5956070294
2219,103.34583205
2220,93.8197908668
2222,92.7749952801
2223,111.315863901
2225,111.974201292
2226,94.2739996382
2230,94.2629006947
2233,112.247670877
2234,111.952142886
2235,92.7369846269
2236,78.6244076603
2237,93.002787444
2240,114.231186377
2241,93.7255524123
2248,103.617026698
2249,94.2612757599
2250,111.44937823
2252,111.997948937
2253,93.5629332163
2254,112.185265187
2256,78.2261973737
2258,93.0984868186
2259,112.599608119
2262,95.7445318211
2265,93.8047575159
2266,103.819366617
2269,94.1687006199
2271,94.2598135895
2273,93.4313121399
2274,111.309422334
2275,93.570879124
2277,94.1071029405
2279,92.7369846269
2280,78.9900912442
2282,94.3706704543
2283,102.955019098
2288,92.8667023925
2289,113.581697102
2291,94.4100061763
2292,116.573738194
2297,93.9593527665
2298,105.253923681
2299,93.606795611
2300,112.711662113
2301,92.4245469535
2304,93.7464458345
2305,102.754035302
2306,95.7445318211
2308,93.1037266468
2309,113.61407881
2311,93.5949331145
2312,103.94644516
2316,103.456118706
2321,103.009106826
2322,111.41267417
2325,103.321359444
2326,94.8002621491
2329,116.573738194
2330,93.8018800305
2331,102.843402078
2332,112.007743133
2333,95.7445318211
2334,103.150954988
2335,111.233372764
2337,111.519598027
2338,93.6606665139
2340,112.007743133
2342,92.9646301092
2345,93.4672738798
2349,93.8084842007
2351,79.2909145476
2352,94.4273461414
2354,110.456564
2355,117.454087223
2357,111.974201292
2358,92.8476322958
2360,94.576581327
2361,110.456564
2364,94.1637010714
2366,96.0115391046
2369,103.073788574
2370,94.9290130228
2371,111.704874827
2373,117.827282778
2374,93.6048006463
2376,111.31799322
2378,111.707126551
2382,94.4553388471
2383,93.4171880421
2386,102.461280952
2387,94.417151801
2389,97.4780733567
2390,112.91759433
2392,92.2559456351
2398,112.007743133
2399,94.622968099
2400,93.7165423285
2401,111.373906359
2402,93.6349783818
2404,93.5937057629
2407,112.115302862
2408,111.147611171
2409,112.977270844
2412,78.1498860448
2413,94.0436796018
2415,93.4068764185
2420,111.594954618
2422,93.9346970792
2423,103.0171561
2426,93.442351379
2432,93.8832995902
2434,92.745435153
2435,97.6836400894
2436,111.50448605
2438,111.745529075
2440,111.766700195
2443,93.1135931451
2444,93.2863217683
2447,103.617026698
2450,93.9969113047
2454,93.2920848
2455,112.25708448
2459,95.7445318211
2460,111.619505566
2463,93.7002070493
2465,93.7877138165
2468,78.213470924
2469,92.6549417667
2474,93.0784016712
2478,93.2458720501
2480,93.8688590648
2481,114.231186377
2489,94.3706704543
2490,103.694981856
2492,92.8615610022
2496,95.7445318211
2497,112.299662001
2500,93.5262047909
2505,96.9617411693
2507,92.5585545405
2508,111.664979499
2509,93.6918202488
2510,79.4249363518
2513,92.1824005844
2515,94.3706704543
2518,93.4171880421
2519,112.458957176
2520,93.4171880421
2521,112.157936878
2523,112.001084398
2525,93.5234554975
2529,111.691755739
2530,93.0465819042
2533,111.60403587
2535,93.6466465696
2538,102.445354493
2544,111.705851435
2553,113.182530101
2556,92.9421390521
2558,92.9740621589
2559,116.002050148
2560,93.1745671696
2561,112.393144711
2562,93.3728382661
2563,113.148983449
2564,92.5798048534
2565,111.935442816
2567,103.711426062
2572,94.4340721854
2575,93.9670734677
2576,112.847557944
2577,92.636256944
2578,94.3241282699
2579,114.230778944
2580,92.4968133126
2582,114.887734784
2583,94.4183743703
2587,93.3478176738
2589,112.530393801
2590,95.1686335943
2591,111.691755739
2594,93.7753445513
2597,94.2283721809
2598,103.180013856
2599,94.3506970332
2600,102.969190389
2602,111.923473613
2603,94.4340721854
2604,103.343889967
2606,112.137908713
2607,77.6652538415
2608,94.9356368694
2613,112.233185263
2614,93.2568560565
2615,111.647197823
2617,111.931668907
2620,94.0443406931
2623,113.308720827
2624,94.0675476675
2627,112.233185263
2629,77.6652538415
2630,93.1525402008
2632,93.9936578196
2636,93.4837904848
2639,94.5661673131
2640,104.208847694
2642,111.691755739
2644,104.636136675
2646,111.835440391
2647,94.3686389804
2649,94.120403326
2650,108.565334669
2652,103.738149845
2653,102.724148385
2655,107.728673918
2657,111.890411107
2659,110.779503405
2662,93.6186545366
2663,113.007650296
2664,94.3058328223
2665,103.502031484
2670,94.2480272258
2671,103.462872279
2672,93.6685996858
2675,103.738149845
2677,111.80754149
2679,111.982522367
2683,112.108335031
2684,93.8196610998
2685,93.5424326826
2688,103.38324424
2689,94.3134507646
2690,102.750204625
2693,94.4198902931
2694,111.773376732
2697,101.323704393
2699,93.7661036929
2703,93.2432272039
2705,103.325920216
2709,77.6225533564
2710,93.9966243654
2711,111.610484173
2712,93.7368906366
2713,94.8517565146
2714,112.084200968
2715,92.23096513
2717,92.3625472477
2718,111.811842358
2720,111.540690285
2721,94.4822126015
2726,93.8676349543
2728,93.6695444111
2731,102.938333881
2732,110.37237472
2734,92.9213903573
2736,103.045202188
2737,93.8953979307
2738,103.151078226
2739,113.158086892
2746,93.6307068361
2749,103.148170188
2751,115.844297592
2752,103.800944303
2753,93.6756003787
2757,103.779000152
2758,93.7145469925
2759,111.74424954
2760,94.0075844913
2762,111.268546265
2764,93.9742019595
2765,110.984138297
2769,111.889678042
2771,111.443897166
2774,93.7199671205
2776,93.0304829428
2777,113.642702545
2778,94.6131131911
2779,113.107385411
2782,92.8461571972
2784,94.7994162831
2787,93.5477234336
2789,92.3597032626
2792,94.581845548
2798,94.5461219736
2799,103.339062663
2800,94.5431311441
2801,78.7204826294
2802,93.1367933946
2804,93.4988744673
2807,103.89836799
2808,94.9026228321
2809,115.69228569
2811,115.406990226
2812,94.128492078
2814,92.1396167631
2816,95.9569545876
2817,111.821355101
2818,111.172584564
2820,112.198697393
2821,78.4157553807
2822,93.5205653669
2823,105.462158783
2824,94.3652625479
2826,93.6609056636
2829,94.1615950128
2834,93.3925935318
2835,77.9897470696
2838,94.530068625
2839,111.635789743
2840,94.7797962167
2841,111.079259002
2842,95.0270457746
2846,112.134982763
2848,94.237987331
2849,92.775204092
2850,112.084200968
2851,94.669535906
2853,94.3209350134
2854,111.691755739
2858,112.423226093
2861,93.7548347504
2864,93.864929609
2865,113.007650296
2866,111.806775203
2867,92.5482089288
2868,112.304165874
2870,111.678247748
2877,94.1913505289
2878,112.233185263
2880,111.749464149
2882,78.1352485641
2883,94.6145598868
2884,102.830960909
2885,93.5451152944
2887,94.7456519735
2888,111.493769113
2889,94.5799743859
2890,103.323668927
2891,93.4131453545
2892,115.52890541
2893,93.9685306242
2898,111.995187702
2899,93.3257313581
2900,112.729838797
2901,95.9731214947
2909,94.2292065337
2910,111.115502032
2911,111.069104178
2913,111.943372401
2914,94.9265780131
2918,93.279518849
2919,111.541633895
2920,94.1760913898
2921,112.233185263
2922,96.2564201686
2923,103.872425133
2925,110.81898546
2926,92.4501248963
2927,112.128711139
2929,112.364931738
2933,93.1881083874
2934,112.243449442
2936,111.577911837
2941,103.535830003
2942,93.4166528235
2943,111.534753229
2945,104.321034048
2950,93.4696064092
2951,112.034634833
2953,116.817458601
2954,94.7930959563
2955,103.163265611
2956,94.5046364217
2960,94.613531678
2962,93.7806411661
2963,104.811960531
2964,103.536321597
2966,78.7389767648
2967,94.2272146215
2968,111.8734417
2969,92.2101983726
2971,93.301886387
2972,94.2344284058
2974,101.284940154
2975,111.939491561
2977,116.322454943
2980,113.717659996
2981,93.1841817777
2983,94.0566138298
2984,103.703785693
2985,115.70698039
2986,103.020950279
2987,94.2344284058
2989,94.2429832552
2990,112.088945673
2991,94.2638509716
2992,78.3283439674
2995,103.172506603
2996,102.854604511
3002,111.947062858
3004,112.15582177
3005,115.368390376
3006,94.095265915
3010,93.9906951618
3011,105.327360576
3014,92.4922214839
3015,93.2560671922
3016,94.1493737424
3017,115.908368699
3018,92.5470446589
3021,102.746612754
3024,104.480418649
3028,94.2375578022
3030,93.0370655793
3032,94.313966531
3039,94.881170687
3040,105.677836701
3041,97.0493123584
3043,95.0141237853
3044,113.145332055
3046,111.696151012
3055,92.8459485019
3056,112.069592572
3058,93.3320568919
3059,111.694792912
3061,117.16174172
3063,103.989083427
3066,94.0182029054
3067,104.480418649
3068,78.527558113
3069,93.5843708723
3072,114.884343984
3073,112.13710239
3074,93.8960375932
3077,92.8456385347
3082,93.7660596639
3084,103.172506603
3085,112.690575903
3088,104.592281075
3091,93.8645118075
3092,112.074196761
3093,93.8790827688
3094,102.987885534
3096,112.179793822
3097,92.8257642127
3098,78.193503739
3102,114.895115844
3106,94.25941863
3109,93.7106450879
3111,92.196587129
3112,115.368390376
3113,93.8833967882
3115,95.5458238092
3116,111.913432869
3117,93.6401384876
3121,112.203938361
3122,93.0678180405
3123,94.0738550417
3124,103.340501656
3125,94.1493737424
3126,102.726231603
3127,115.383597376
3129,93.4354443446
3130,112.13714003
3132,104.072707815
3134,103.838855028
3135,94.9609059548
3137,78.5362876837
3138,94.4228031431
3140,93.2564122744
3144,112.411746452
3145,93.9278494562
3146,111.833122974
3147,94.8062631519
3148,104.08491866
3149,103.462135367
3150,112.324407353
3151,93.4771368868
3152,94.3477213166
3155,101.670567442
3156,111.879367489
3159,92.7522680083
3161,94.1320338334
3162,104.069129105
3163,94.2805008822
3165,102.171768806
3172,94.4955683785
3173,111.254907344
3176,93.7578016499
3177,103.490584025
3179,111.939491561
3183,92.5387706715
3186,94.6676382695
3187,103.572892201
3189,111.664868941
3190,93.4887004507
3192,115.383597376
3193,94.4955683785
3194,113.083831757
3197,93.9320260118
3198,94.2883187803
3200,93.8992856811
3201,115.402431794
3202,94.2883187803
3204,94.5784587213
3205,92.9063630436
3206,112.446958248
3208,103.804329376
3210,102.790762941
3211,94.0582554433
3212,117.16174172
3213,95.1806804665
3214,111.411784851
3216,103.622104483
3219,93.5793117531
3220,111.962228582
3221,93.8833967882
3226,109.163748217
3227,94.4346876661
3228,111.93981723
3229,93.8585892222
3232,78.49851307
3233,94.4955773948
3234,93.9304650097
3236,93.991086039
3238,111.973868008
3239,111.421033541
3240,92.6803112824
3247,112.236976881
3249,102.560214966
3252,120.65455442
3253,94.3740492486
3254,103.819286543
3255,93.7519375945
3256,112.686746267
3257,93.3618307384
3262,96.5874101054
3263,103.724816682
3264,94.5046364217
3266,112.00080704
3267,93.6726796107
3269,93.2697000461
3272,115.70698039
3274,93.9320260118
3275,103.261744049
3277,93.5706105193
3279,94.5194178314
3280,104.00692701
3283,94.2585791993
3285,94.7824153267
3287,93.5718886738
3288,104.480418649
3290,103.418425237
3291,94.0338225617
3298,112.158326883
3299,93.4444922402
3302,112.228776126
3303,92.9948308136
3304,104.078547697
3307,94.4645280574
3309,93.4850014734
3314,78.6542230731
3316,112.495285481
3317,94.8774916282
3319,94.2454439364
3320,111.974049144
3321,93.9118856224
3322,102.92158269
3324,92.3805882506
3326,92.7939420067
3329,111.503507176
3330,92.7349403535
3331,112.192019138
3335,117.0134696
3337,93.8600226538
3338,103.847422497
3339,94.1694219231
3340,112.492298567
3341,94.0786398291
3343,94.2959765843
3346,93.3700593249
3348,93.4088686827
3351,103.406521496
3352,116.232924918
3355,92.3716014144
3356,111.955579014
3358,103.751700546
3359,94.3334328189
3360,111.421641688
3371,112.316869075
3372,94.6570747889
3374,94.1668541791
3377,112.876710432
3378,91.8968490272
3380,103.720550278
3382,93.8868578285
3386,93.5398231936
3389,112.429482175
3391,104.768035234
3393,94.1925388276
3394,103.650027742
3395,93.3198228749
3397,111.806201364
3398,94.0297712921
3399,78.4364392081
3400,93.4846418033
3404,103.285571502
3407,112.191882404
3409,103.949501879
3419,94.2263072594
3421,93.9939117713
3425,95.2124073441
3427,78.6012128986
3428,116.048463747
3429,112.172665587
3431,92.7158068916
3435,94.3053226183
3436,111.631902393
3439,94.3664608835
3441,94.5522333597
3442,116.048463747
3443,96.259708438
3444,103.231834674
3445,93.4993044411
3446,113.820376293
3449,92.9650926423
3453,93.3672049598
3457,94.001798682
3460,103.936315656
3461,93.8612027511
3462,93.2316054128
3464,105.531086212
3465,78.7391180385
3466,94.019701546
3467,103.42091124
3468,94.0961454429
3469,103.759423614
3470,102.549708844
3472,111.813254524
3473,93.6488132093
3475,92.9227360042
3476,111.873362786
3478,104.268441504
3479,94.0717889558
3483,93.4008175795
3484,103.477806584
3485,94.5011430408
3487,92.7662695731
3488,112.839219473
3496,111.83591276
3497,93.2527841776
3499,94.5267837365
3500,78.3797145806
3501,94.0605974282
3504,93.5235852409
3508,105.547158158
3511,93.4651059323
3512,112.336169458
3515,94.0234733173
3517,94.1635126857
3518,104.272003358
3526,111.934922868
3528,116.370120754
3529,93.75329181
3530,112.290486382
3531,93.7313289285
3532,114.121088164
3533,95.4018168015
3534,93.7979528538
3535,78.5501572213
3536,93.628528767
3537,112.218114681
3538,93.5580822047
3539,111.384696669
3540,103.388301131
3545,112.574565122
3546,91.8436867666
3550,103.28751093
3551,94.0927008261
3553,94.8122040382
3554,103.936315656
3557,92.9700809897
3558,111.696214892
3559,92.9650926423
3561,93.4943974674
3562,111.806201364
3563,93.5121646225
3564,103.406521496
3565,93.4993044411
3567,93.5967796296
3571,103.406521496
3572,94.7337450109
3574,94.0255477187
3576,94.3434414598
3577,111.925733343
3578,96.1765333288
3579,93.5178296577
3583,94.2849260962
3585,93.9747641054
3586,103.61971643
3587,111.443896408
3593,94.8581926541
3594,111.711600292
3595,94.6283899806
3599,93.6285387361
3600,103.979660851
3601,111.813254524
3602,92.9650926423
3604,94.1811742694
3609,115.981886805
3610,112.309445277
3612,111.542981736
3614,114.14656513
3615,94.6465945502
3617,96.3525209008
3618,111.765159452
3619,112.057043756
3620,111.708899295
3621,94.310768297
3625,93.9355761804
3626,103.165923173
3630,103.273707426
3631,94.1480581354
3632,103.997981852
3633,93.7116889048
3634,112.165170781
3637,93.2124660021
3639,93.2480670218
3640,112.878704766
3641,93.8487354612
3644,112.041846321
3645,93.859504005
3646,93.5756373171
3647,93.4614977165
3648,111.710041685
3653,111.533044035
3654,94.7932655397
3655,111.897339536
3659,102.87587964
3660,94.4316332991
3662,112.133451762
3666,93.624567742
3668,94.1278703948
3671,94.9011976415
3673,94.1090802864
3674,112.25610813
3675,94.095186446
3681,93.5803841641
3682,112.141674256
3686,111.389192089
3687,92.7713149589
3692,77.9945980907
3695,111.903965669
3696,94.414846554
3699,114.148418273
3705,112.855406692
3707,78.6722324567
3708,94.1325272942
3709,112.024146619
3710,94.1186507125
3712,93.4315513196
3715,111.857487239
3716,93.962268837
3720,111.879789803
3722,78.6722324567
3726,93.7628981404
3728,92.4448597855
3729,112.615654973
3731,103.112846024
3735,112.9165109
3736,94.1897895009
3739,102.630434219
3741,111.314443499
3743,102.773018471
3744,93.7179271882
3745,112.382165985
3746,93.7372940276
3751,92.6831586937
3753,93.8845578373
3760,111.008417327
3761,92.8184388676
3762,110.781579485
3763,93.0777832989
3765,94.2528060541
3768,111.797862774
3769,93.7433704261
3770,102.575079811
3773,111.420504212
3774,93.5604947372
3776,94.4051152244
3778,93.0160075095
3779,111.671012577
3780,96.138299628
3781,112.525868761
3782,94.5031013413
3783,111.733899203
3784,93.5912822774
3786,93.3584128241
3789,110.212938938
3790,93.9853716728
3793,111.782662469
3795,111.224312782
3797,93.8765490195
3798,116.136725299
3800,111.341074519
3804,95.2087658805
3810,93.543217909
3815,111.897440546
3816,95.2087658805
3818,103.461648273
3824,111.198145328
3828,103.63902808
3830,111.498512422
3831,93.4932896824
3832,77.0063223134
3834,111.317439937
3835,92.8243819076
3836,111.103559838
3838,94.160564197
3839,116.252668354
3840,111.861389168
3845,93.3468916379
3846,110.997885622
3847,94.0123281011
3849,78.2084424037
3853,111.1759526
3855,105.115038118
3856,94.6364887935
3864,77.6716020906
3865,94.3176973079
3866,112.083687785
3867,92.4944853122
3868,111.341074519
3869,94.038555133
3871,93.7309571703
3875,103.148130805
3876,92.7783606492
3878,93.5401230675
3879,111.529270091
3881,111.341074519
3883,111.200841295
3884,92.7884917068
3886,111.142246064
3890,94.4232125402
3893,111.069595674
3897,103.326443393
3901,92.9418994066
3902,110.267572152
3913,111.961679491
3914,92.6737498731
3916,94.9463052377
3917,111.297965406
3924,104.012543882
3925,93.9632220633
3928,94.0753713923
3929,112.126866314
3932,92.7458320544
3933,104.837881644
3934,78.4491965125
3935,92.8708099083
3936,94.205789432
3937,111.264615595
3938,93.3157650778
3939,111.286857347
3943,92.3512098176
3944,111.625655604
3945,111.680738044
3946,93.528473324
3947,111.328904337
3948,93.3509703931
3949,111.598671722
3950,94.2057909847
3951,111.454556294
3952,93.0023626374
3953,112.047239745
3961,113.450479135
3962,93.4832674849
3966,93.9983503134
3967,103.188258826
3968,94.6416588413
3969,111.013282935
3970,93.8109503731
3971,103.279248764
3973,93.058036233
3974,112.01513566
3975,112.794358795
3977,94.1522894393
3979,111.959640307
3985,93.4614182311
3986,104.848849335
3988,111.258938215
3991,94.1780478402
3992,103.761766112
3993,93.3962626406
3994,95.7031770748
3995,112.320049317
4005,112.075349053
4007,93.6928874768
4008,103.377914512
4009,94.488768176
4010,111.803672803
4011,78.2296542861
4012,92.9079968422
4013,105.400790673
4015,112.621435511
4016,111.637037442
4018,111.857213058
4025,94.3760374763
4026,111.732238794
4028,113.022747433
4029,93.7930741402
4031,93.1418610538
4032,111.431485189
4033,93.2942704367
4034,105.146513103
4037,93.1140771397
4038,103.538433704
4039,93.9258731034
4041,94.1202832951
4042,111.174651477
4043,94.1430808116
4044,104.837881644
4045,93.9194002254
4046,111.917367068
4047,94.2436384619
4048,103.573115608
4049,96.7806263622
4051,92.8920134741
4052,112.545412317
4058,103.054122371
4062,110.805628935
4064,111.768231179
4067,93.4625675766
4068,78.1775995466
4070,93.9917203807
4072,114.634002139
4074,114.242081148
4075,93.2826606167
4076,112.38373118
4077,93.4638090689
4078,112.280269753
4080,104.837881644
4082,112.581345257
4085,93.5865262444
4086,113.113338466
4088,111.732238794
4089,94.4116327377
4092,78.2989347312
4094,92.5479350631
4095,111.765179257
4096,94.179983555
4097,103.107382274
4102,94.1219699898
4105,114.65974521
4107,112.215973242
4111,94.1638546785
4112,103.602372315
4113,93.4569447329
4114,112.073682301
4115,92.4618249021
4116,112.145249721
4117,93.6975565355
4118,95.1840589572
4119,111.757053307
4120,95.5305239548
4122,78.4723193489
4125,93.1944623912
4126,111.934373686
4129,111.370881221
4134,116.476955764
4137,94.1704042565
4141,102.616463433
4142,94.9438750203
4144,94.4437650168
4145,104.012543882
4146,96.3354296764
4150,93.5955395499
4151,78.0110778903
4154,93.4625675766
4156,94.5207817623
4157,112.346942661
4159,111.637037442
4160,93.2720666284
4161,112.335045271
4168,94.5015557935
4171,103.125947953
4172,104.850408142
4173,94.2992758766
4175,92.553014359
4176,104.837881644
4177,94.4437650168
4178,102.813751839
4179,93.7528820215
4181,111.517397051
4183,93.7930741402
4184,112.012467874
4185,93.293142313
4186,112.474114233
4188,119.737393831
4190,111.237544437
4192,93.4089898355
4193,111.918749835
4194,112.881735111
4195,95.3025106753
4196,77.8215589006
4202,94.0665944154
4203,104.343273604
4208,93.7793888176
4209,114.65181247
4210,93.3875680063
4211,110.719946368
4212,115.348742577
4214,104.338792315
4215,93.8306877165
4216,112.260239429
4217,93.0918682477
4219,96.3782927898
4222,111.264615595
4224,78.5507888155
4231,104.141963474
4232,93.7930741402
4234,92.9038576576
4236,94.4437650168
4237,102.716501433
4240,93.5494488633
4242,103.774275655
4243,94.3877949121
4247,93.1262932447
4248,111.541593322
4249,93.4184826711
4254,103.032157181
4263,93.6615337031
4265,111.442825813
4267,112.788937369
4268,111.801524075
4271,111.803329369
4272,94.5946083282
4273,111.998055873
4274,93.7381591337
4276,93.6919814954
4278,94.2672395673
4280,94.5941738984
4281,111.787905097
4283,92.9771528183
4284,111.639125146
4285,94.270111866
4286,111.833749344
4287,94.4163354396
4288,113.059348785
4289,92.6809672594
4290,78.0353907573
4293,93.185101603
4296,111.396333686
4297,93.4856321176
4299,92.9784254259
4303,113.910171517
4310,94.8900192714
4312,103.563584372
4318,104.358055936
4320,113.515925372
4322,93.1272334815
4323,116.24422185
4325,104.348328527
4326,112.526251458
4328,103.846869425
4330,104.375128907
4332,112.146673688
4333,93.2288809414
4335,93.9548499068
4336,111.77663461
4338,104.149773258
4341,94.343021044
4342,104.478960996
4344,104.075306641
4347,94.9906696086
4348,103.729593339
4351,109.139897204
4352,94.6052518875
4353,112.042468578
4355,103.431317638
4356,94.7572905986
4359,105.482717718
4360,94.242733722
4361,93.2641284299
4364,94.2570117892
4365,104.010794955
4368,94.1433432807
4372,96.2383040605
4374,92.4186590084
4376,93.9069756831
4377,102.795479375
4380,94.0134962411
4383,105.110309272
4384,94.3314501877
4385,104.044247995
4389,93.9557274705
4391,94.0388690087
4392,111.592936679
4393,92.6251561264
4395,92.855673123
4396,112.962324772
4398,114.857821992
4399,109.59695756
4401,94.4814746224
4406,94.244738844
4408,103.452721667
4412,103.729593339
4415,93.941824138
4418,112.125080168
4419,92.4186590084
4420,79.3023628687
4422,111.74486298
4423,92.4186590084
4425,94.0221877312
4428,111.386554087
4431,113.886361495
4434,92.6482706375
4436,93.5549809395
4437,111.736669404
4439,115.986008421
4440,93.7818545853
4441,112.467244557
4444,93.9410463007
4445,104.387756424
4446,94.1103910218
4447,112.057853223
4452,103.744653212
4456,112.041373696
4457,94.4244267433
4458,111.750296989
4460,94.7572905986
4461,116.381974754
4462,95.5022587961
4465,103.158971778
4466,102.990298503
4468,94.2912131729
4469,103.48673628
4472,111.520256289
4475,93.1613720879
4478,93.8047997651
4479,112.38730359
4480,94.2328128725
4483,82.0519880544
4484,93.2651177261
4485,103.494507843
4486,94.6425361693
4488,93.4041823897
4489,103.786394742
4490,94.6992767626
4491,114.465860762
4492,94.1586299161
4493,108.37376103
4494,94.168146709
4495,103.212705331
4498,81.7738140091
4499,95.9113936932
4500,104.641889822
4503,112.957115349
4505,103.353718923
4506,94.3605484861
4507,94.1511576844
4508,104.358055936
4510,112.193662874
4511,92.3818587224
4513,94.7284661769
4516,81.2605459879
4519,93.7085339911
4521,93.733861532
4531,93.3648647909
4532,79.5756706579
4533,93.9446185834
4534,111.85569906
4536,104.358055936
4537,94.4244267433
4539,94.3533801683
4542,103.076839783
4545,93.3484229424
4549,92.5510874933
4551,94.2512824507
4554,104.088806166
4556,113.297504768
4559,112.333459052
4561,111.831976213
4562,111.446721014
4566,112.270618533
4569,93.6583061184
4570,112.962324772
4573,94.0460809537
4574,102.933806112
4575,93.668566169
4577,94.3645597621
4578,112.425413262
4580,112.334728958
4582,93.3200503709
4583,111.74486298
4585,93.721656305
4587,104.358055936
4595,92.2814452797
4596,112.26693402
4601,93.6192908128
4602,112.979341559
4603,95.9527143058
4605,113.186468618
4606,92.7395215109
4607,113.020573468
4608,94.0226413903
4610,94.6134370178
4613,103.77608969
4617,92.9662405646
4618,111.484029147
4619,92.9682061431
4620,93.9416538376
4622,100.834438985
4625,94.7572905986
4626,104.358055936
4627,94.4313449439
4629,92.9014302825
4631,93.5898599347
4633,104.358055936
4634,116.971780827
4635,93.264733415
4639,94.6272207564
4640,103.882328601
4642,103.01706871
4644,111.849095316
4646,104.358055936
4647,94.3117345076
4648,80.9638173304
4649,93.4880622474
4650,111.869807146
4655,92.5510874933
4660,93.5580093286
4661,115.030935385
4662,91.933304937
4663,111.922964652
4665,94.1246269689
4666,112.136035156
4667,105.30804534
4668,94.1318556435
4670,94.1404133658
4671,111.911261851
4672,94.4020323493
4673,103.323930076
4675,103.914520979
4676,95.7153415631
4677,112.069504132
4680,94.5526508512
4682,94.7798285055
4683,113.152050021
4685,103.729593339
4686,93.7487588138
4688,113.265985752
4690,112.413884816
4692,112.893382849
4693,93.9764230466
4697,94.4494297462
4700,112.589086589
4702,112.731955027
4707,117.238365304
4708,93.3464517706
4710,77.8601761356
4716,101.5228399
4717,94.3312989754
4718,94.6343855031
4720,95.3709440158
4721,78.4845717367
4723,96.6398883035
4726,111.633155058
4727,93.7841245762
4729,94.2437749721
4731,94.1721382228
4732,113.798912808
4735,93.945143355
4736,103.861552525
4737,96.5790714373
4738,112.017956839
4739,110.632143993
4744,102.719829448
4747,95.5204221456
4749,113.516371195
4750,93.3464517706
4752,113.31559047
4755,94.7314109933
4756,104.857115194
4757,113.134512847
4758,94.0496626921
4759,104.569499306
4763,94.0898818766
4764,106.10760433
4765,94.7581701581
4766,93.8932039576
4767,113.220875077
4769,113.231470057
4770,94.3303106503
4771,79.9842966655
4772,104.350300492
4774,114.115517318
4776,112.009840553
4777,112.861870144
4778,95.5917763536
4780,94.2903614215
4784,94.1928319855
4786,96.5403627495
4787,78.0558192471
4788,96.1303558959
4789,113.31559047
4791,104.875421966
4792,93.9444008249
4795,112.586702543
4796,92.1769342987
4803,93.349804437
4805,94.7503511921
4807,94.0648718861
4809,93.3956282508
4816,96.4584029769
4817,78.777914702
4818,93.2360400631
4820,94.8285409103
4821,103.776860977
4823,111.881865807
4824,94.3525205341
4825,114.153807637
4829,102.456420517
4830,95.7743033538
4831,112.647117235
4833,105.041507361
4836,95.2736847025
4837,113.265985752
4838,93.1563310488
4840,95.0103828946
4841,77.9535830041
4842,93.1264126335
4843,112.209794057
4844,93.1593580121
4849,108.911266449
4851,104.637178765
4852,94.0679734085
4858,92.9193750049
4860,95.7743033538
4863,112.530855455
4864,95.532529422
4865,112.098770339
4867,112.126093979
4868,93.7047371767
4869,112.357630971
4873,92.9815420582
4875,94.3554544904
4876,113.698926399
4877,93.1303622591
4878,110.372597116
4880,78.1066511837
4886,114.650369915
4888,102.857830404
4889,96.1600464665
4890,115.230087912
4893,94.5960409236
4895,95.2082269707
4896,104.502092281
4899,94.8566674581
4901,93.9594554097
4902,111.638952494
4903,95.180671315
4904,113.31559047
4910,92.9734589639
4912,93.3334688518
4915,96.7217278418
4916,103.380840531
4917,94.2592620775
4920,104.350300492
4927,102.65512291
4928,94.4093015022
4931,104.831003423
4934,92.966542126
4936,95.4875204551
4939,114.78929753
4942,113.928672446
4943,98.4746114153
4944,103.925525282
4945,95.0567731523
4947,110.501251107
4948,93.1618231814
4951,94.0168286788
4952,113.31559047
4953,93.737924268
4956,95.180671315
4957,114.705101819
4958,94.9256755287
4960,93.5039642369
4968,94.0783023066
4969,104.887384216
4971,103.458051633
4973,115.639417694
4975,113.424464708
4976,96.9734353678
4978,94.19629596
4979,112.677834543
4982,94.3353062921
4983,111.783734915
4984,98.5445602526
4985,117.869930482
4986,94.2100232068
4987,121.544746722
4988,94.8531117454
4994,95.3632703408
4995,94.4610131298
5002,78.4359310256
5004,93.9875352111
5005,102.767503633
5006,95.348104686
5007,104.230788067
5009,113.363547935
5011,115.639417694
5014,93.5891529311
5015,103.538972627
5018,93.4204518149
5019,113.135526632
5020,93.2806290216
5021,112.812879423
5022,93.7071338674
5023,93.7224850746
5025,96.6634515586
5032,93.9899421034
5034,95.6686229255
5036,94.0214425291
5038,94.5485845489
5039,113.367904637
5046,94.9716568854
5049,113.135526632
5051,94.8609373932
5052,93.5609987444
5053,114.115517318
5054,94.7609336751
5055,94.9733746547
5057,93.4739104958
5059,94.4985157611
5062,96.2497050847
5063,113.311229506
5065,113.161454668
5069,93.7380774552
5071,97.0915762583
5074,114.77457974
5075,92.9006951292
5076,113.837417041
5077,78.0633916771
5079,103.918287689
5080,95.5537113557
5081,114.657741247
5083,102.992668855
5088,104.907985353
5089,97.1450936372
5093,112.114270347
5094,104.243041005
5095,99.0908209099
5099,111.832688409
5101,112.757119882
5103,103.738120965
5104,92.9557605562
5105,113.149986527
5107,94.9771291599
5108,113.539076
5109,94.5956217729
5111,95.3642590859
5112,112.388377235
5113,94.0187222675
5114,112.556311163
5115,93.9757089023
5118,94.5569293667
5122,93.9968294616
5123,78.7868111312
5125,95.2651804738
5127,103.632933308
5128,93.9438433889
5129,115.119261192
5132,95.7542115863
5134,112.788168349
5135,94.2045227859
5137,113.362227441
5142,93.6227977195
5143,103.828380207
5144,95.5407474478
5148,93.7566265585
5149,94.4409042217
5150,104.291336218
5154,78.6895488944
5155,94.3009589722
5159,94.1909354012
5164,93.9386487722
5165,115.649713226
5166,93.8251162956
5167,112.631489633
5169,92.9250443942
5171,93.3518111386
5172,112.746806457
5176,96.1795568305
5184,111.515883311
5185,94.6227014189
5186,113.159638163
5188,104.137909819
5189,112.310848527
5190,95.3437300171
5191,115.649713226
5193,112.539192723
5196,94.0693884034
5199,78.2451525516
5200,103.566918286
5203,93.8437331809
5204,117.757801565
5205,93.6218621714
5207,93.8803773
5208,115.004155034
5212,94.5388310218
5214,93.1661587036
5218,93.4408199691
5220,96.0678715422
5222,93.1258271948
5224,95.5174977733
5225,104.317374543
5227,112.060268636
5229,104.312594798
5232,92.8943368271
5233,115.272717411
5234,104.314784176
5237,112.274357303
5239,113.420410205
5240,93.4908307952
5241,113.603718122
5244,93.9716193711
5248,113.309010314
5251,92.6654427954
5253,93.999695494
5255,94.6810277183
5256,103.714788321
5257,94.356067111
5259,95.7978107523
5260,111.427108968
5266,94.1691827684
5268,94.7048210454
5275,112.965142747
5276,112.633911053
5277,96.2615140265
5279,93.9488211569
5280,103.731184697
5281,93.5423583023
5283,98.7686296161
5284,78.848303705
5285,94.0413283646
5286,103.784731526
5287,93.5422312233
5289,94.3852828607
5290,112.539192723
5292,104.994865949
5293,94.1097431209
5294,103.543747507
5297,95.3967896728
5299,104.838381069
5302,94.7407151333
5305,78.5613455401
5306,94.7237148145
5308,94.1758737073
5309,94.5484678861
5310,112.085431511
5312,112.965091886
5316,113.44098147
5317,94.3370157436
5319,78.4706891097
5320,94.6770394333
5323,93.8345645095
5329,113.266121736
5331,112.297993797
5334,111.559638615
5336,112.644114108
5338,103.921145532
5341,94.3516276708
5345,95.9627533576
5348,94.8657313497
5349,112.83141027
5355,105.136612715
5356,94.4124577211
5360,104.39254726
5362,113.121819907
5364,113.258054292
5366,105.045701567
5367,93.8916385813
5368,95.7630385859
5370,93.6242005079
5371,78.5047960904
5373,104.114516628
5375,112.274357303
5376,92.8075877578
5378,113.220315382
5379,94.2579237125
5383,94.187679022
5384,103.823782174
5389,112.205360591
5391,79.015880488
5393,112.128367547
5395,112.760095945
5397,112.004032823
5398,93.2914998203
5399,111.751632864
5401,117.328270443
5402,93.5670249067
5403,112.131625254
5404,93.4921600426
5407,78.9942506445
5408,93.5905254123
5413,113.232155259
5414,94.2329669127
5417,93.4657786184
5418,104.994865949
5420,112.929069804
5421,93.7715205839
5424,93.5349032102
5425,117.757801565
5426,94.3203703745
5429,112.17715056
5431,94.6475629934
5437,103.083720109
5440,92.995807823
5444,104.247444287
5446,104.508274072
5447,94.1071681878
5451,94.0765095462
5452,104.69365309
5455,104.314784176
5456,95.5480137804
5458,93.9290542325
5459,112.94278999
5460,95.5021472944
5462,94.6221624008
5463,111.96188488
5464,94.941096409
5465,112.923007066
5466,96.2711916936
5467,103.995838202
5468,95.0103114279
5469,112.904942903
5472,94.8280520462
5474,94.1248171166
5475,111.818211646
5476,94.9281913986
5479,104.567714221
5480,112.637145822
5482,112.151150728
5485,93.8756255496
5486,116.827719344
5488,78.9604572462
5495,104.312594798
5496,94.0806107106
5497,112.160820213
5499,111.847873038
5503,96.4348482192
5504,94.0197950142
5507,95.3080040037
5509,94.2778094282
5511,95.0399951354
5512,112.854914898
5516,111.851670843
5517,95.79359485
5518,103.322918603
5521,94.1875741077
5522,103.568496939
5527,94.3644692861
5528,94.2771937076
5529,111.693792843
5532,96.1100231498
5533,112.182601306
5535,104.68350703
5536,104.606624951
5540,93.8424038456
5547,93.9864328187
5548,111.637186103
5550,78.2091726474
5551,93.9277455242
5554,111.094141036
5555,94.0841879959
5559,111.981924634
5560,93.5503511412
5561,111.517564724
5562,93.2403379376
5563,114.395319538
5565,78.2616613114
5566,93.8789342944
5567,103.265553256
5568,95.8555688953
5572,95.1685719847
5574,94.713996974
5576,95.2686399047
5579,111.535844652
5580,77.297818756
5581,93.8009623605
5583,95.0470909774
5584,113.355621811
5586,111.697951576
5587,94.5472051945
5589,101.684948203
5591,103.155244845
5592,95.169659538
5593,112.763127433
5594,93.9485427298
5595,78.4475157843
5596,112.751873928
5597,111.888189872
5598,115.431937634
5599,93.5953513746
5602,112.024164896
5603,93.9485427298
5605,94.6621529324
5607,94.3638263769
5608,112.985015769
5609,93.91424233
5610,92.8850663209
5612,92.891747523
5613,112.004237916
5614,94.7751998365
5616,94.1745871973
5621,94.719185392
5623,94.520933826
5628,114.151283868
5629,93.6040666036
5631,93.2120370239
5633,96.2862483384
5638,103.758789852
5639,96.3654256395
5640,104.05839125
5645,95.0466900117
5646,78.1947031513
5649,94.1122151593
5653,112.213679697
5655,113.359753166
5656,94.3371354957
5658,94.3695883004
5662,116.237767795
5663,92.4256766066
5667,93.5019863064
5670,93.5953513746
5671,101.721917045
5672,94.7381086435
5673,102.60080582
5674,93.9890866551
5675,103.238656783
5676,94.9749140507
5679,112.227470553
5683,115.711358703
5687,93.6107726994
5688,78.1627599473
5690,93.8987114615
5691,112.536151778
5692,93.0976903635
5693,111.623294162
5694,95.0312439511
5697,112.301726554
5698,93.5374087786
5699,112.594549853
5704,94.2427719203
5707,112.227470553
5709,102.462570098
5710,94.9955557446
5714,94.1473357916
5718,93.6883683822
5721,94.2957044199
5723,96.1934187492
5724,111.323760176
5725,94.192040058
5726,111.871187464
5729,97.1341727654
5730,103.313468831
5731,94.4495014576
5733,78.0848682009
5736,94.9699751939
5741,103.165297124
5745,111.345498609
5747,94.4487179818
5748,104.276287807
5750,112.059403991
5751,94.1099050018
5752,94.3439520909
5754,94.6378322283
5755,93.9216101906
5757,94.3297507253
5758,116.45385612
5760,103.556253065
5762,103.123343254
5766,112.277147081
5768,95.4761669423
5769,116.434724893
5770,94.0913383359
5771,111.581038933
5772,93.2349869187
5773,112.55605805
5774,93.6976518226
5776,93.4085756725
5777,112.594549853
5778,94.1109435914
5780,112.458658831
5782,93.2737502416
5783,78.1365588146
5784,95.2627477867
5786,94.1916189441
5788,93.2665648338
5789,112.808072412
5790,93.5838703319
5791,103.587871508
5793,103.91091468
5794,94.2775109704
5796,116.983794232
5797,93.8045534352
5801,93.8082695183
5803,93.6107726994
5804,113.607486379
5805,93.5728132961
5806,78.5173691976
5808,111.525136266
5813,94.4723042106
5815,94.1994707644
5816,104.458728104
5822,96.0808742494
5823,112.058262085
5825,103.866789494
5827,111.786692067
5829,101.401999652
5830,93.9150956811
5831,111.810401315
5832,94.4449707082
5833,111.525136266
5837,114.518871295
5838,93.8102520638
5839,94.2041527755
5842,104.05839125
5844,111.796746131
5845,103.87919454
5846,112.765001937
5848,78.4240903165
5850,113.19892168
5851,94.3639295942
5853,95.4761669423
5854,103.804166516
5858,104.05839125
5860,112.294895085
5864,103.631746043
5866,94.0669168142
5867,112.227470553
5868,93.2534648753
5869,112.306708187
5870,94.9482633886
5871,112.782507928
5874,113.151619941
5876,112.056871039
5877,92.1208156889
5878,95.3447231407
5879,111.482041682
5880,93.6311134675
5884,95.3095996687
5886,110.991278912
5890,103.045883703
5896,93.4525921666
5897,103.051576951
5898,95.4761669423
5901,104.004535465
5903,112.400262134
5906,92.8850663209
5908,112.460399623
5909,93.91992134
5910,112.004237916
5911,94.1970854511
5912,112.240978676
5914,113.151619941
5919,112.260888862
5924,95.6851573583
5926,93.7702935856
5929,103.44571444
5930,95.1326854656
5932,94.3958382232
5933,115.25537318
5934,93.7421399105
5935,111.659903719
5936,94.4271285623
5937,111.579221186
5938,95.426172068
5939,112.2092378
5942,111.256494327
5943,93.8361977577
5944,104.4159759
5946,111.908041509
5951,93.0334262516
5953,103.109580485
5954,93.8035731569
5957,103.231161576
5961,93.6641209079
5962,105.565369609
5964,78.2599730414
5965,94.5146375809
5968,111.945440881
5969,92.7978829948
5974,93.2697328425
5975,111.912956698
5978,77.9889687022
5981,103.411237934
5982,94.1179698299
5983,116.300119248
5989,112.28376445
5991,94.1235303369
5992,103.614229733
5995,93.8382233253
5996,103.267597303
5997,111.698866958
5998,93.557549121
5999,78.2626792385
6001,111.426672946
6002,95.5272979077
6003,111.489242287
6004,93.8035731569
6006,112.441077876
6007,93.9867911148
6011,102.858316817
6012,103.421947304
6014,94.438825217
6015,102.739417446
6016,94.0010050476
6017,111.915005724
6018,94.9242907464
6024,94.3009716226
6025,105.13217831
6026,111.744275043
6028,111.992284729
6029,78.5159049933
6030,94.2355905517
6036,111.945440881
6040,93.5740415047
6041,111.791379382
6042,93.4699954349
6044,94.5288333792
6045,103.465370478
6047,103.051204773
6048,93.6864092105
6049,112.048092493
6051,114.046192553
6052,113.933016331
6053,91.7895171496
6054,111.689809295
6058,103.472376462
6059,94.1664385333
6062,95.4938527828
6063,117.698416944
6064,102.840369139
6065,93.5740415047
6067,93.7869279856
6068,112.501157656
6070,103.213294922
6071,103.249152797
6072,111.491122932
6080,111.491122932
6081,93.7043740441
6084,103.900394997
6087,94.0257886255
6089,105.0219426
6092,111.491122932
6094,93.2703472419
6095,112.261196915
6097,112.742395147
6100,93.5907029997
6104,105.055792472
6105,93.8475523815
6106,111.737897262
6107,78.4451929687
6108,93.2799796963
6109,111.491122932
6110,93.9396484987
6114,111.491122932
6116,93.4828069073
6117,103.342609113
6118,93.9827647569
6123,78.4640235379
6125,112.703321862
6128,112.175523324
6130,103.287415384
6132,111.467234074
6137,77.9325008883
6139,112.914371549
6140,94.2218120234
6141,112.921341924
6142,103.89938333
6144,112.246326153
6145,94.0383876861
6146,93.8898736651
6149,94.4400488878
6156,94.8060310438
6159,111.116076186
6160,94.2218120234
6162,103.056290929
6164,111.808847987
6165,94.0355587063
6168,77.9183153207
6169,111.371985512
6170,93.5531705119
6171,112.078011052
6172,92.2514932544
6173,116.169038322
6176,96.1744639158
6177,92.1353389028
6178,94.3967935028
6180,93.6374365387
6181,102.899746481
6182,93.3306662831
6185,93.6178493658
6186,111.844953711
6188,112.725892932
6189,95.2657359374
6192,103.900394997
6193,93.9819601971
6194,103.465370478
6195,94.7924903862
6196,115.267927301
6197,94.2578553196
6201,111.913197058
6202,93.0177365518
6203,112.091594095
6204,93.6545670074
6207,119.141378215
6209,93.6098438122
6210,92.0888792357
6211,112.241228344
6213,111.896015938
6216,92.2983323232
6217,93.1041864155
6219,93.5342074896
6222,78.4695604174
6223,94.0257872942
6235,95.563106747
6240,94.1261364827
6242,93.5303232044
6247,93.9791087878
6251,112.061693205
6254,112.075243812
6255,95.1021065213
6260,102.916347494
6261,94.5756982874
6262,103.680952466
6264,111.514786613
6269,103.343197375
6271,103.950086217
6275,111.875574929
6276,95.1805141492
6278,94.2086341972
6279,112.621130346
6281,114.320173905
6284,94.1913593848
6286,94.5837758943
6287,78.4717888442
6288,93.7527665492
6292,93.3077143527
6293,93.6240486265
6295,93.3514897977
6298,112.283560629
6300,111.586272522
6304,103.035020792
6308,112.045216962
6310,93.9340163283
6312,111.491122932
6320,94.2745495583
6324,93.6136732461
6325,111.978781833
6330,95.5079898352
6336,112.30169965
6340,104.963321203
6341,95.563106747
6342,104.088965109
6344,93.7114906762
6345,112.647886883
6347,112.608931096
6348,93.6414373278
6349,112.283560629
6351,77.9777387872
6353,111.149528557
6354,93.8478888281
6357,94.590724312
6358,104.24531419
6360,102.998228062
6363,113.036660152
6364,92.4785079908
6368,112.120445696
6370,93.5641909218
6371,93.2611118461
6377,94.3391954694
6379,93.5079597717
6381,94.3719632447
6382,78.2418410088
6383,111.330752392
6388,111.283002317
6390,111.506959081
6392,102.294610424
6393,94.5801482836
6395,93.4701818935
6398,103.239821841
6401,78.1981766466
6402,95.0786602104
6403,112.320454898
6405,94.0007858051
6406,92.8637493528
6407,112.478429339
6409,103.900002455
6411,92.5736125383
6413,93.8510641134
6416,104.383647014
6417,93.8595739821
6418,92.9903329493
6419,116.354855246
6420,111.520003326
6426,113.394913315
6429,93.854669089
6430,93.7566708893
6431,112.320454898
6432,93.4337108923
6434,95.5974344865
6437,111.504106574
6438,94.4651173283
6439,102.524531118
6440,94.0078236229
6441,95.2522277677
6442,110.880692622
6443,98.053563299
6445,94.141345639
6448,112.259063069
6450,111.948260129
6453,94.3064364331
6455,93.8549256505
6457,93.7614592071
6458,112.073672299
6461,93.5595839048
6464,111.572038184
6467,93.4284504768
6469,94.6377721119
6470,78.4084272002
6471,93.8398164258
6473,102.452893795
6474,93.5905024545
6479,93.7224810922
6481,95.1818072468
6484,112.325416676
6495,94.3803976817
6496,116.314270073
6505,111.985613157
6506,93.9844893099
6508,96.781412061
6509,93.3232479481
6510,104.608876545
6512,103.309272918
6513,93.3955281752
6514,112.015870311
6515,93.5878674023
6519,93.8358079882
6521,94.9278190625
6523,78.0756897946
6525,105.430030197
6526,93.5172217949
6528,93.9464482125
6529,112.450293013
6531,103.578685404
6533,103.812890767
6534,93.9503630107
6535,111.634943455
6536,92.6676164624
6537,112.478938462
6540,93.40746261
6541,111.330752392
6547,93.7799869914
6548,112.832281764
6551,112.200312662
6553,112.076347429
6555,105.107077332
6556,94.9695780273
6561,78.064912073
6564,92.3126312225
6565,111.634943455
6568,93.5817928267
6569,110.880692622
6573,103.130654621
6574,94.6281348347
6577,112.269020014
6579,113.395105368
6581,92.9532604264
6582,111.868554722
6585,104.91684332
6586,93.6469758331
6589,103.464815971
6590,78.0365275933
6593,93.3153436552
6594,111.490033756
6595,92.4085262596
6599,92.9570520187
6600,93.5606418482
6601,113.453681315
6602,92.6436869761
6603,112.259063069
6604,94.0800496076
6607,103.757064036
6608,103.545411267
6609,93.5875660367
6611,93.5212129089
6613,110.880692622
6614,93.7518426967
6616,93.637552932
6617,110.880692622
6618,93.5205617962
6619,102.905649685
6621,105.107077332
6627,103.451767302
6629,111.543867307
6631,78.1779065709
6634,93.60552601
6636,93.9971716642
6638,93.5817928267
6639,110.880692622
6641,111.762297149
6642,93.4396506117
6651,114.813595861
6654,78.3679117246
6657,94.7370399936
6663,93.100745914
6665,110.78561529
6666,94.4577933809
6668,93.586857903
6669,106.450251257
6670,93.8111819284
6671,94.17815345
6673,93.7345173351
6675,93.5343038383
6676,78.1244123343
6677,93.7709743969
6679,93.5698542319
6680,112.035360044
6681,104.608876545
6685,104.036096357
6688,94.549712376
6689,92.4216610608
6690,111.294999519
6692,110.880692622
6693,94.6716727825
6694,93.7819562573
6698,116.40350934
6699,93.441735146
6700,111.726407727
6701,93.7614592071
6702,111.320819487
6704,92.4216610608
6707,111.909121059
6712,112.295188437
6713,94.3651165741
6715,93.5445694296
6721,111.617773843
6722,93.3977474852
6723,112.320891446
6724,94.2289672571
6725,115.888382337
6731,112.629023058
6735,79.4825051826
6736,93.4946735581
6737,104.718015369
6738,94.1391721942
6739,103.868806669
6741,103.891640136
6743,93.5534479785
6745,93.586857903
6747,113.182616246
6749,93.6050977758
6750,103.047602773
6751,115.48288408
6752,101.677732732
6753,110.880692622
6755,117.885529851
6756,93.3722098542
6757,103.185752466
6759,111.97821321
6761,93.7080152938
6763,93.8398164258
6764,116.517425796
6765,93.3812519046
6766,112.991063739
6768,112.430359504
6771,92.4216610608
6773,93.6410365303
6774,93.7058947209
6778,103.215076734
6779,95.2146120647
6781,92.7837771821
6784,93.5750436683
6786,92.3041272149
6787,113.377891512
6790,92.1918110673
6793,102.033470018
6795,109.359090875
6798,110.429969986
6806,102.632141655
6807,93.7025819539
6810,93.2918567086
6815,110.227692
6816,92.5370952649
6817,101.990719412
6818,93.7294787228
6819,102.239124784
6820,93.4951256432
6822,93.2366984787
6823,113.527088764
6824,110.001925989
6825,92.703138706
6828,77.4795263721
6829,112.005598569
6831,110.010684348
6832,92.6889455247
6833,110.351318116
6834,93.0987723558
6836,94.3313468797
6837,110.429006586
6838,92.7909676647
6840,102.637881507
6843,92.3958735893
6845,91.8419899113
6846,92.8292865219
6847,110.009059013
6851,110.948076246
6852,93.029067387
6853,111.852780213
6858,92.9223104397
6861,110.33248932
6863,110.940552517
6864,77.1031350421
6865,92.5452772988
6866,110.734343838
6867,94.1356269643
6868,101.895126053
6869,93.1207988818
6870,110.001925989
6874,110.010732516
6875,92.7727933786
6877,110.645380004
6878,92.8950667486
6880,99.7290538366
6883,110.645122004
6884,93.1463000387
6886,93.6149274749
6890,93.5138423431
6893,110.141923535
6894,93.5223321428
6899,110.645380004
6900,92.7058627762
6904,92.5017157155
6905,110.212434317
6906,92.2867915007
6910,91.6543218639
6912,102.947624147
6913,111.178754501
6920,92.1124378098
6922,93.1326844197
6923,109.359090875
6926,93.8212050297
6927,110.090248156
6928,92.1677780619
6931,111.428897914
6933,93.9812633891
6936,92.7430266957
6937,110.156169674
6939,114.820452888
6941,93.2093729489
6942,114.335617928
6943,92.9200306753
6944,101.504425472
6945,93.6915922954
6946,110.532043897
6947,113.785904002
6949,103.12733752
6951,103.978249381
6953,112.454655169
6954,93.2586526558
6955,110.397551834
6963,110.665354991
6964,93.134790377
6966,93.3631481307
6968,93.3588164839
6970,101.81842195
6972,111.77956777
6976,111.57526385
6978,110.734343838
6981,101.771849757
6985,101.943992883
6986,92.4596386576
6987,109.759453719
6989,110.686865392
6991,113.527088764
6993,112.297424723
6994,93.0739326696
6995,110.642602674
6996,92.9563559299
6997,110.65612193
6998,77.3417062789
7001,110.863693602
7003,111.991532416
7006,93.6144267896
7008,103.387808814
7010,91.5067005496
7011,93.3152460227
7012,114.440848555
7013,92.3481717916
7014,112.118965121
7017,102.969718347
7018,98.0237688935
7019,91.8042235172
7023,94.0948006474
7024,102.60505643
7025,92.9133308352
7026,110.733843578
7027,92.5418116587
7028,112.349685098
7030,109.359090875
7031,92.317858684
7033,110.087991192
7036,92.7991194084
7037,93.4120283743
7039,94.932383285
7044,93.1752969077
7045,110.429006586
7046,98.4032293868
7049,102.37576285
7050,94.4259582789
7051,101.81842195
7054,111.123008101
7055,94.5917624445
7057,93.2932334112
7060,110.645380004
7061,95.5246099876
7063,92.0786980633
7064,110.054204631
7067,99.7290538366
7071,93.1618062777
7074,101.869924014
7075,98.8472524127
7078,110.429006586
7079,91.7955311178
7080,110.304206626
7081,94.4246990143
7082,110.300332198
7083,93.1858349332
7085,110.748076009
7092,102.273141975
7094,92.8588133044
7100,93.1465550066
7101,111.371892606
7102,110.734343838
7104,109.256091318
7105,95.5246099876
7106,96.3025064323
7107,101.65996167
7108,77.2432312588
7109,92.7389320687
7110,110.156169674
7112,93.6634164672
7113,102.023667933
7114,93.189654745
7116,110.333483358
7117,95.7645127364
7118,101.456637971
7120,93.3700272977
7121,101.828785531
7123,101.74214439
7124,94.9252865274
7127,107.655823515
7131,101.654610823
7132,93.7294787228
7133,91.5447058199
7134,111.026168651
7135,92.3188584675
7136,110.458234174
7137,93.1239132449
7141,93.4685778452
7144,102.329233321
7147,110.148698912
7148,92.076348195
7150,92.8066933631
7151,93.3700272977
7152,101.896397263
7154,92.6415460062
7156,92.9890875784
7157,101.695104983
7159,114.005058229
7161,93.4328376348
7163,93.3827641354
7164,101.560692333
7167,77.5874212248
7169,101.705723255
7170,92.8345755509
7173,92.6945161202
7174,101.94691314
7177,110.150083907
7178,102.733768168
7179,93.2598809432
7180,77.8638310288
7181,110.133498088
7182,95.6108254511
7184,96.6274224574
7185,111.409780906
7186,92.0344246886
7187,119.679198786
7188,92.7136369598
7189,110.09497031
7191,101.654850381
7193,110.994990845
7197,94.0550465824
7199,92.1488025154
7200,110.300332198
7201,92.3188584675
7204,92.8723651365
7207,110.673075484
7209,110.940552517
7210,93.7546997218
7211,102.544150615
7213,92.429564485
7214,110.65612193
7216,110.228190338
7217,93.3901703254
7220,110.939648452
7224,109.359090875
7225,94.1286535067
7226,110.228190338
7227,96.0434959386
7234,111.409780906
7236,78.969269464
7239,102.728919976
7240,92.9690218704
7242,112.892218976
7244,110.782902176
7245,92.1262366057
7247,110.669646191
7248,92.2016994076
7249,115.638040805
7250,110.998442046
7251,94.5442704047
7252,110.634800202
7253,77.4563997127
7256,93.524705494
7260,92.7432620373
7261,111.337808393
7264,94.277546432
7269,110.337091866
7270,92.6085954706
7273,110.998014907
7279,93.3051932921
7281,111.685480333
7284,92.5308710231
7285,110.996361861
7286,115.311427189
7287,92.3074982252
7289,92.7889058936
7292,92.3487224153
7293,111.871257961
7296,97.6196529581
7297,111.266626773
7298,91.6684114175
7299,112.60788287
7301,103.784819134
7304,110.744996352
7306,115.518872397
7308,92.7889058936
7309,102.37921886
7312,92.3994365847
7313,77.4563997127
7314,93.3249747952
7316,93.1281544753
7319,117.566415829
7321,93.8586758393
7323,93.594073849
7324,103.818888058
7325,94.0618688181
7328,102.004706954
7330,77.7600037003
7334,93.7468688181
7337,111.896852768
7338,94.1314956788
7339,92.7332374328
7341,92.4986447849
7342,111.875485623
7344,110.46402188
7345,111.114854822
7347,110.943457949
7349,111.685480333
7350,93.4690753667
7353,112.130135337
7355,111.371660599
7356,93.0635601756
7357,114.873242527
7358,93.3758312116
7360,92.6607391884
7363,103.092785684
7364,93.2761045033
7366,93.5668040289
7368,93.3296721871
7369,111.107675832
7370,93.2829877747
7373,93.1799853
7374,111.444918419
7375,93.0385783503
7377,94.9602526366
7379,92.1782051573
7380,113.619466667
7382,112.122922339
7383,93.6139496094
7385,93.2370938901
7386,103.429376714
7391,94.2813720177
7394,106.440652802
7396,110.998442046
7397,92.7592443435
7399,92.9880026573
7400,102.715793583
7403,77.2926800691
7405,111.231456245
7408,110.297424347
7414,112.034981839
7416,101.875804376
7417,92.6421194652
7419,93.0830930595
7420,104.969319856
7421,92.5438265728
7422,93.7273043217
7423,102.774758218
7425,77.6958049044
7430,92.5323482813
7432,93.469872285
7433,93.0069457045
7434,110.909898435
7436,110.972077333
7437,92.781914868
7438,102.688071672
7440,102.793209487
7441,92.5585933866
7442,111.096423589
7445,111.811655888
7446,102.039924929
7448,110.964302608
7450,103.18848849
7451,92.9537949871
7454,111.182018062
7455,92.4842651327
7457,111.049763228
7459,102.158170203
7462,93.0119971331
7464,92.9537949871
7465,109.830183872
7466,93.212539111
7467,110.553872628
7469,111.542973916
7472,92.8133709549
7473,109.732940447
7479,93.7468688181
7480,102.683210751
7484,111.140329231
7491,92.9938037037
7494,102.918131852
7495,92.9183535188
7501,92.537825783
7503,92.9284120361
7504,103.565622083
7505,92.8194088713
7508,110.993734264
7509,92.5935118765
7510,77.4563997127
7511,110.455200181
7515,94.0515144137
7516,103.536298381
7517,93.1642861296
7518,103.899818089
7519,92.9450519441
7521,93.4007148537
7522,102.987794425
7524,103.616268726
7526,102.636148683
7527,93.4413927818
7528,103.76743269
7529,93.6266898024
7534,110.859647133
7537,111.286251154
7538,93.2123865576
7540,96.692397974
7541,110.923350877
7545,113.592026263
7551,111.632848607
7553,93.1616614032
7554,102.434529949
7555,94.1520379231
7561,111.157311654
7562,96.3218446506
7564,92.3981371421
7565,103.194756832
7566,93.6524672014
7567,110.182308618
7569,101.994099513
7570,93.194579946
7571,113.700959325
7572,92.8283806497
7574,103.675475994
7578,111.522703434
7579,92.7170697197
7586,92.0953905258
7587,77.0116916449
7590,93.0411663879
7593,109.732940447
7594,93.0001872102
7595,93.6524672014
7600,92.4366881341
7601,78.2014404787
7602,92.0538989133
7603,110.802593273
7604,92.5702994423
7606,92.811557855
7608,112.03787423
7613,77.7643164021
7615,110.765171963
7616,111.183082883
7617,116.017922432
7618,93.4413927818
7619,102.950638001
7622,92.8370645239
7623,103.401554894
7624,93.4426038477
7625,103.875711961
7626,93.3964482097
7627,104.051954283
7628,78.3914893273
7631,104.442898499
7632,103.341175337
7633,92.8353691926
7634,114.920254854
7635,92.9126723513
7636,111.042958506
7637,111.042958506
7639,93.3079423406
7640,77.7817967508
7644,111.951359663
7645,92.2244155236
7648,102.55630951
7649,92.8192050647
7650,111.451545212
7652,109.830183872
7653,92.7715193398
7655,92.6977408829
7659,111.270546741
7662,95.6064219199
7664,92.4373970272
7666,95.2345492653
7668,93.3137016185
7669,110.729914145
7670,92.9699002556
7672,92.4064273969
7673,110.592639001
7678,93.4556890536
7679,77.9418519364
7680,103.205979882
7683,92.7323088585
7685,115.311427189
7688,93.1047302664
7690,110.74934923
7692,92.7916658384
7693,93.394803171
7695,111.896852768
7696,92.8140839253
7698,94.172636204
7699,110.908088939
7702,93.042468696
7703,110.843641058
7704,93.2366170387
7707,110.455200181
7713,78.4350765651
7715,102.715856272
7717,109.336555025
7718,91.6121849678
7719,101.989171944
7721,109.487481372
7722,92.893564626
7725,101.167406804
7727,101.445893788
7730,76.4972700363
7733,91.1846849596
7735,100.938390937
7740,110.302032925
7741,109.870826399
7742,91.7059710899
7744,110.657123863
7747,91.7473481008
7750,76.8174932828
7752,110.347271587
7754,110.812967227
7756,103.080073663
7757,91.08280497
7758,102.688388186
7760,102.214380841
7761,91.2071623165
7763,109.933516879
7765,91.7973275977
7767,110.118114493
7768,91.9239390143
7771,91.2088132475
7773,90.4275807916
7774,110.369943667
7776,102.992424825
7779,91.1873441674
7783,91.7007815289
7786,103.10520369
7787,91.3842145946
7789,90.8232374942
7791,91.9879109703
7793,93.6865555868
7794,109.946172084
7795,91.601402645
7799,75.9223308225
7800,109.873443921
7802,93.3747168092
7805,107.520900221
7807,100.473163868
7808,91.6632205925
7811,105.048474241
7817,109.137756273
7818,102.041985625
7819,91.5140764122
7822,90.9949050678
7823,110.063773029
7825,109.860701582
7828,91.0610513991
7832,95.0342628747
7833,76.9290565044
7834,109.770159273
7835,92.097713465
7837,91.7206646522
7840,91.0414549024
7842,91.8612385325
7843,109.448363393
7844,90.89751118
7846,91.2071623165
7850,91.3145391248
7853,110.461352859
7855,108.747342318
7858,91.5406772181
7863,110.344930572
7865,109.875281124
7866,91.2877045212
7868,90.9796434076
7869,111.285468159
7871,76.7923965508
7872,101.392523437
7874,101.52953654
7877,109.605879954
7878,93.7903499653
7879,108.666892209
7881,91.3731784694
7883,92.1859363998
7885,101.687422084
7886,92.4085397062
7889,94.6905359076
7890,102.66870339
7891,91.7823890007
7893,92.3573000511
7894,101.44741009
7896,109.743242829
7898,100.679732953
7901,91.5415174304
7902,109.344878819
7904,110.7726912
7905,91.628788147
7906,113.772929978
7909,93.2653718788
7910,101.046639943
7913,92.0051152447
7918,109.75360969
7919,91.1797528589
7923,91.721371351
7925,91.4046075358
7927,90.9502947484
7930,91.5142150895
7932,91.3748335464
7933,91.161761467
7935,91.407674413
7939,102.127151813
7942,91.421449774
7943,111.963074633
7945,101.728574032
7946,92.1783684295
7948,94.9587089852
7949,108.60472413
7950,91.8336886728
7951,110.118114493
7955,102.466427917
7959,91.9843348001
7960,110.302032925
7961,91.5061057424
7962,101.796825482
7964,101.012710541
7965,91.4004883862
7966,110.126116553
7967,101.637581714
7968,92.347523156
7971,102.07995125
7974,91.1797528589
7976,106.352034759
7978,109.813853079
7982,110.302032925
7983,91.640964934
7984,101.624701052
7986,91.3527655018
7989,108.60472413
7991,109.344878819
7992,110.009518152
7993,91.7161643482
7994,110.452859027
7995,95.0342628747
7997,91.2514151036
7998,101.624701052
7999,109.137756273
8002,91.6368130745
8007,91.9586142314
8009,92.1106944793
8011,93.2452784923
8013,91.2943642536
8015,102.193256998
8017,110.340883274
8019,113.730447644
8023,91.9445970865
8024,110.281891474
8026,109.277545305
8027,91.0551520352
8029,91.4563504794
8030,110.163704584
8031,91.7759357878
8033,98.3086817505
8035,92.1773653454
8036,101.557772974
8039,102.488120549
8042,90.8494623044
8044,92.0771092633
8046,76.632606101
8048,110.470401144
8049,91.628788147
8050,102.4487439
8053,91.6147449489
8054,94.2014667942
8059,91.0811813438
8061,91.5104375115
8062,110.089630222
8064,109.972150121
8066,102.421773175
8067,91.8135306684
8068,90.8487728736
8070,93.1983661921
8071,110.565159086
8072,91.7263881387
8076,93.8704976401
8080,91.3992392138
8081,111.625716159
8084,102.267657376
8087,110.35760058
8089,91.2133440267
8090,112.574646714
8091,104.673141546
8094,113.321191934
8100,91.2056623338
8101,91.8619123103
8110,92.0498977162
8111,109.344878819
8112,92.7315269046
8115,111.730441171
8116,93.1601259489
8118,109.972150121
8121,113.791020417
8125,109.052777233
8127,110.483223349
8128,91.6970474296
8129,108.795995314
8131,92.3369001621
8138,91.9727783523
8139,101.26426438
8140,91.1063927369
8141,90.4275807916
8142,110.615581678
8143,110.140689369
8145,109.277545305
8146,91.6546442498
8148,110.319898577
8153,110.826874086
8154,91.2508940598
8155,109.202047597
8161,94.3086836301
8162,110.547544428
8163,90.6585476818
8166,111.082897891
8168,110.85636145
8170,92.6886963312
8172,111.333535716
8173,92.5488889291
8176,103.750826746
8179,93.1384672157
8181,93.5732079333
8182,115.318416701
8184,112.20844443
8190,103.620512988
8191,93.8582796248
8194,111.604096605
8196,113.803405183
8198,111.82806731
8199,111.679688061
8201,109.776660331
8202,91.8909139456
8207,92.3063176086
8208,109.048205589
8211,111.61692016
8214,109.459990172
8217,92.0897894551
8218,111.047162159
8222,93.5180774693
8229,102.10229281
8231,92.0064855098
8233,92.7200636175
8236,92.0603614253
8238,111.406416361
8240,100.84221566
8243,101.501577546
8246,112.33844764
8250,91.8180905773
8254,92.6403830977
8256,76.8144820162
8257,110.259439677
8258,94.1646434877
8260,92.2574206354
8261,110.277605196
8263,111.792119744
8264,93.0794666929
8267,110.202732228
8268,92.7777553347
8271,90.5667718891
8272,109.048205589
8275,96.9187999843
8276,92.8744077423
8277,101.632108322
8278,116.994898988
8279,92.1922098416
8280,109.820752784
8281,92.4552280365
8282,110.259439677
8287,109.620724293
8288,91.1682098353
8289,110.500791065
8294,92.1299366605
8296,91.08891623
8299,110.510752163
8302,101.165295664
8308,109.693114068
8314,103.423339647
8315,92.2181964231
8316,110.152331188
8317,92.1515215727
8319,114.820996961
8320,90.9918361751
8321,116.972245967
8323,94.0989441249
8325,91.982468982
8326,110.231561244
8328,109.201219554
8330,110.080564615
8331,91.6849516751
8332,110.145078439
8334,93.5369215757
8338,90.9054737509
8339,93.6253827522
8341,90.7657244459
8345,110.091830453
8346,92.0702033427
8347,101.428101575
8349,92.5169253193
8351,91.9874752919
8352,110.346800804
8353,109.201219554
8355,110.089603892
8358,109.380526415
8359,110.126695192
8360,91.8838182602
8361,110.581329647
8363,103.464377629
8364,95.4129162915
8365,92.5349732389
8366,102.390989717
8370,109.475417986
8372,91.9849617124
8376,92.2381319726
8377,110.045469168
8379,109.809447981
8380,91.193037551
8381,110.200076504
8386,93.2204220164
8388,101.688162338
8389,92.8070159583
8391,110.234245138
8394,92.6403830977
8396,102.415586747
8398,101.707954026
8400,110.188066291
8401,91.5096207147
8404,90.7657244459
8407,94.888582062
8408,110.176562635
8409,108.974518407
8410,101.452906356
8411,94.7094895173
8413,94.4464671501
8414,109.435243576
8416,91.4178586313
